Epoch,Train Loss,Test Loss
1,1.1488470087183704,1.1316383123397826
2,1.131906964226746,1.114833971432277
3,1.1051064611371832,1.0955495045298622
4,1.0866147693218773,1.0782436370849608
5,1.0782310357088722,1.0749112180301121
6,1.0694914825952422,1.072622259457906
7,1.0613808843725647,1.0724439081691561
8,1.05530274283288,1.0666910353161039
9,1.0500172807923502,1.0674617386999585
10,1.044613242149353,1.0663694784754798
